{"../../\u30e2\u30c7\u30eb\u5b9f\u9a13/trained_model/ibr05_base_dense": [0.4318414330482483, 0.6157928705215454, 0.7586864233016968, 0.3408440947532654], "../../\u30e2\u30c7\u30eb\u5b9f\u9a13/trained_model/ibr05_base075": [0.4340474009513855, 0.6138790845870972, 0.7651078701019287, 0.33953264355659485], "../../\u30e2\u30c7\u30eb\u5b9f\u9a13/trained_model/ibr10_base_sparse": [0.4161229133605957, 0.6160648465156555, 0.7663248777389526, 0.3470917344093323], "../../\u30e2\u30c7\u30eb\u5b9f\u9a13/trained_model/ibr10": [0.4730311930179596, 0.6094933748245239, 0.6983939409255981, 0.38546597957611084], "../../\u30e2\u30c7\u30eb\u5b9f\u9a13/trained_model/ibr05_base_sparse": [0.45400699973106384, 0.6090419888496399, 0.7063514590263367, 0.3758173882961273], "../../\u30e2\u30c7\u30eb\u5b9f\u9a13/trained_model/ibr10_base05": [0.4094926714897156, 0.6094316244125366, 0.7154364585876465, 0.3785746991634369], "../../\u30e2\u30c7\u30eb\u5b9f\u9a13/trained_model/ibr05": [0.4913046956062317, 0.6068729758262634, 0.7093996405601501, 0.3739800751209259], "../../\u30e2\u30c7\u30eb\u5b9f\u9a13/trained_model/ibr10_base10": [0.45071083307266235, 0.6046168208122253, 0.7118181586265564, 0.37351277470588684], "../../\u30e2\u30c7\u30eb\u5b9f\u9a13/trained_model/ibr10_base025": [0.4084194600582123, 0.6050224304199219, 0.7101259231567383, 0.38092589378356934], "../../\u30e2\u30c7\u30eb\u5b9f\u9a13/trained_model/ibr10_base_dense": [0.4123668372631073, 0.6066543459892273, 0.71568763256073, 0.378726601600647], "../../\u30e2\u30c7\u30eb\u5b9f\u9a13/trained_model/ibr05_base10": [0.4657112658023834, 0.6046179533004761, 0.7161268591880798, 0.3767003118991852], "../../\u30e2\u30c7\u30eb\u5b9f\u9a13/trained_model/ibr05_base025": [0.44038721919059753, 0.604669451713562, 0.7167405486106873, 0.3765539824962616], "../../\u30e2\u30c7\u30eb\u5b9f\u9a13/trained_model/ibr10_base075": [0.3977839946746826, 0.6060993671417236, 0.721355140209198, 0.3759039342403412], "../../\u30e2\u30c7\u30eb\u5b9f\u9a13/trained_model/ibr05_base05": [0.43762773275375366, 0.6057792901992798, 0.7227678298950195, 0.3752530813217163]}